Ayesha, a medical researcher, faces a moral dilemma.;Ayesha has developed a new surgical technique that could revolutionize organ transplants. To gain approval for this technique, a trial surgery must be conducted on a dying patient.;If Ayesha does not conduct the trial surgery, the dying patient will not experience intense pain.;Ayesha does not conduct the trial surgery.;Do you think that the action that Ayesha took is morally permissible? Rate from 0 to 10 (0 = not at all, 10 = completely).;Do you think that Ayesha intended for the harmful outcome to occur? Rate from 0 to 10 (0 = not at all, 10 = completely).
Major Sarah, a military strategist, faces a moral dilemma.;Major Sarah must decide whether to order the killing of a child to gain approval for a mission to destroy a strategic enemy base. The approval is necessary to commence a mission that can save countless lives.;If Major Sarah does not order the killing of the child, the child's death will not occur.;Major Sarah does not order the killing of the child.;Do you think that the action that Major Sarah took is morally permissible? Rate from 0 to 10 (0 = not at all, 10 = completely).;Do you think that Major Sarah intended for the harmful outcome to occur? Rate from 0 to 10 (0 = not at all, 10 = completely).
Elena, a wildlife conservationist, faces a moral dilemma.;Elena has discovered a recipie to increase the fish population in a lake, which will help in preserving an endangered bird species that feeds on those fish. However, to do so, she must first eliminate a non-native fish species in the lake.;If Elena does not use a chemical to eliminate the non-native fish species, the non-native fish species will not be eliminated.;Elena does not use a chemical to eliminate the non-native fish species.;Do you think that the action that Elena took is morally permissible? Rate from 0 to 10 (0 = not at all, 10 = completely).;Do you think that Elena intended for the harmful outcome to occur? Rate from 0 to 10 (0 = not at all, 10 = completely).
Quentin, a kindergarten teacher, faces a moral dilemma.;Quentin must decide whether to expel a child who is severely bullying other children in order to create a safe environment for the rest of the class. The expulsion is necessary to stop the bullying.;If Quentin does not expel the child, the child will not be expelled from kindergarten.;Quentin does not expel the child.;Do you think that the action that Quentin took is morally permissible? Rate from 0 to 10 (0 = not at all, 10 = completely).;Do you think that Quentin intended for the harmful outcome to occur? Rate from 0 to 10 (0 = not at all, 10 = completely).
Alice, a rocket scientist, faces a moral dilemma.;Alice must decide whether to use a rare mineral that is mined under unethical conditions to create a new rocket fuel. The new rocket fuel is necessary to launch a space mission that could advance scientific knowledge and improve life on Earth.;If Alice does not use the rare mineral, the unethical mining will not be supported.;Alice does not use the rare mineral.;Do you think that the action that Alice took is morally permissible? Rate from 0 to 10 (0 = not at all, 10 = completely).;Do you think that Alice intended for the harmful outcome to occur? Rate from 0 to 10 (0 = not at all, 10 = completely).
Arnold, a yoga instructor, faces a moral dilemma.;Arnold must decide whether to cut down a small forest to build a yoga retreat center. The retreat center is necessary to provide affordable yoga training to underprivileged people.;If Arnold does not cut down the small forest, its destruction will not occur.;Arnold does not cut down the small forest.;Do you think that the action that Arnold took is morally permissible? Rate from 0 to 10 (0 = not at all, 10 = completely).;Do you think that Arnold intended for the harmful outcome to occur? Rate from 0 to 10 (0 = not at all, 10 = completely).
Jake, an urban planner, faces a moral dilemma.;Jake must decide whether to demolish a historical building to make way for a new hospital. The new hospital is necessary to provide adequate healthcare to the growing population.;If Jake does not order the demolition of the historical building, it will not be demolished.;Jake does not order the demolition of the historical building.;Do you think that the action that Jake took is morally permissible? Rate from 0 to 10 (0 = not at all, 10 = completely).;Do you think that Jake intended for the harmful outcome to occur? Rate from 0 to 10 (0 = not at all, 10 = completely).
Sam, a kite designer, faces a moral dilemma.;Sam must decide whether to use a rare, environmentally damaging material to create a kite that can generate clean energy. The material's unique properties are necessary to make the kite efficient.;If Sam does not use the rare material, no environmental damage will be caused.;Sam does not use the rare material.;Do you think that the action that Sam took is morally permissible? Rate from 0 to 10 (0 = not at all, 10 = completely).;Do you think that Sam intended for the harmful outcome to occur? Rate from 0 to 10 (0 = not at all, 10 = completely).
Zara, a quantum physicist, faces a moral dilemma.;Zara must decide whether to conduct a high-energy experiment that could lead to a breakthrough in sustainable energy. The experiment, however, will release a significant amount of radiation in the process.;If Zara does not conduct the high-energy experiment, no radiation will be released.;Zara does not conduct the high-energy experiment.;Do you think that the action that Zara took is morally permissible? Rate from 0 to 10 (0 = not at all, 10 = completely).;Do you think that Zara intended for the harmful outcome to occur? Rate from 0 to 10 (0 = not at all, 10 = completely).
Felicia, an event planner, faces a moral dilemma.;Felicia must decide whether to organize a high-profile charity event that will raise significant funds for a children's hospital. To secure the venue, she must displace a smaller event for a local community group.;If Felicia does not organize the high-profile charity event, the local community group's event will not be displaced.;Felicia does not organize the high-profile charity event.;Do you think that the action that Felicia took is morally permissible? Rate from 0 to 10 (0 = not at all, 10 = completely).;Do you think that Felicia intended for the harmful outcome to occur? Rate from 0 to 10 (0 = not at all, 10 = completely).
Fiona, a neuroscientist, faces a moral dilemma.;Fiona has developed a groundbreaking treatment for a severe neurological disorder. However, the treatment requires the use of stem cells obtained from human embryos.;If Fiona does not use stem cells obtained from human embryos, no embryos will be destroyed.;Fiona does not use stem cells obtained from human embryos.;Do you think that the action that Fiona took is morally permissible? Rate from 0 to 10 (0 = not at all, 10 = completely).;Do you think that Fiona intended for the harmful outcome to occur? Rate from 0 to 10 (0 = not at all, 10 = completely).
Thomas, a youth counselor, faces a moral dilemma.;Thomas must choose between reporting a troubled teenager's illegal activities to the authorities, which would lead to the teenager's arrest, or keeping the information confidential to maintain the teenager's trust in the counseling process.;If Thomas does not report the teenager's illegal activities, the teenager will not be arrested and lose trust in the counseling process.;Thomas does not report the teenager's illegal activities.;Do you think that the action that Thomas took is morally permissible? Rate from 0 to 10 (0 = not at all, 10 = completely).;Do you think that Thomas intended for the harmful outcome to occur? Rate from 0 to 10 (0 = not at all, 10 = completely).
Harold, a veterinarian, faces a moral dilemma.;Harold must decide whether to euthanize an aggressive dog that poses a danger to people and other animals. The euthanasia is necessary to prevent potential harm to others.;If Harold does not euthanize the aggressive dog, the dog will not be euthanized.;Harold does not euthanize the aggressive dog.;Do you think that the action that Harold took is morally permissible? Rate from 0 to 10 (0 = not at all, 10 = completely).;Do you think that Harold intended for the harmful outcome to occur? Rate from 0 to 10 (0 = not at all, 10 = completely).
Amelia, an urban planner, faces a moral dilemma.;Amelia must decide whether to demolish a historic building to make way for a new hospital that will provide essential healthcare services to thousands of people. The demolition of the historic building is necessary to build the hospital.;If Amelia does not approve the demolition of the historic building, the historic building will not be demolished.;Amelia does not approve the demolition of the historic building.;Do you think that the action that Amelia took is morally permissible? Rate from 0 to 10 (0 = not at all, 10 = completely).;Do you think that Amelia intended for the harmful outcome to occur? Rate from 0 to 10 (0 = not at all, 10 = completely).
Edward, a veterinarian, faces a moral dilemma.;Edward must decide whether to euthanize a terminally ill dog to use its organs for life-saving transplants for other animals. The euthanasia is necessary to save the lives of multiple animals in need of organ transplants.;If Edward does not euthanize the terminally ill dog, the dog will not be euthanized.;Edward does not euthanize the terminally ill dog.;Do you think that the action that Edward took is morally permissible? Rate from 0 to 10 (0 = not at all, 10 = completely).;Do you think that Edward intended for the harmful outcome to occur? Rate from 0 to 10 (0 = not at all, 10 = completely).
Kevin, a defense attorney, faces a moral dilemma.;Kevin must decide whether to use sensitive, illegally obtained evidence to exonerate his innocent client who has been wrongly accused of a serious crime. The use of this evidence will expose the real criminal, but it will also tarnish the reputation of an honest police officer who unknowingly made a mistake during the investigation.;If Kevin does not use the sensitive, illegally obtained evidence, the reputation of the honest police officer will not be tarnished.;Kevin does not use the sensitive, illegally obtained evidence.;Do you think that the action that Kevin took is morally permissible? Rate from 0 to 10 (0 = not at all, 10 = completely).;Do you think that Kevin intended for the harmful outcome to occur? Rate from 0 to 10 (0 = not at all, 10 = completely).
Harry, an x-ray technician, faces a moral dilemma.;Harry discovers a new x-ray technique that can detect cancer at an incredibly early stage, improving survival rates. However, the technique requires the use of a radioactive substance that has been proven to cause harm to the technicians administering it.;If Harry does not implement the new x-ray technique, no harm will be caused to the x-ray technicians.;Harry does not implement the new x-ray technique.;Do you think that the action that Harry took is morally permissible? Rate from 0 to 10 (0 = not at all, 10 = completely).;Do you think that Harry intended for the harmful outcome to occur? Rate from 0 to 10 (0 = not at all, 10 = completely).
Samuel, a yacht designer, faces a moral dilemma.;Samuel has been asked to design a luxury yacht for a wealthy client who plans to use it for controversial political meetings. The money earned from this project would allow Samuel to fund a nonprofit organization that provides education and resources to underprivileged children.;If Samuel does not design the luxury yacht, he will not support controversial political meetings.;Samuel does not design the luxury yacht.;Do you think that the action that Samuel took is morally permissible? Rate from 0 to 10 (0 = not at all, 10 = completely).;Do you think that Samuel intended for the harmful outcome to occur? Rate from 0 to 10 (0 = not at all, 10 = completely).
Bianca, a trauma therapist, faces a moral dilemma.;Bianca must decide whether to use a controversial therapy technique that involves patients reliving their traumatic experiences in order to overcome them. This therapy is highly effective but causes short-term emotional distress to the patients.;If Bianca does not use the controversial therapy technique, there will be no short-term emotional distress for patients.;Bianca does not use the controversial therapy technique.;Do you think that the action that Bianca took is morally permissible? Rate from 0 to 10 (0 = not at all, 10 = completely).;Do you think that Bianca intended for the harmful outcome to occur? Rate from 0 to 10 (0 = not at all, 10 = completely).
Nancy, a television producer, faces a moral dilemma.;Nancy must decide whether to air an investigative report that exposes a corrupt politician. The report will ruin the politician's career, but it is necessary to inform the public about the corruption.;If Nancy does not air the investigative report, the politician's career will not be ruined.;Nancy does not air the investigative report.;Do you think that the action that Nancy took is morally permissible? Rate from 0 to 10 (0 = not at all, 10 = completely).;Do you think that Nancy intended for the harmful outcome to occur? Rate from 0 to 10 (0 = not at all, 10 = completely).
Victor, a bioengineer, faces a moral dilemma.;Victor has developed a new gene-editing technology that can eradicate a deadly genetic disease. However, to do so, he must first test the technology on human embryos, which raises ethical concerns.;If Victor does not test the gene-editing technology on human embryos, there will be no harm to human embryos.;Victor does not test the gene-editing technology on human embryos.;Do you think that the action that Victor took is morally permissible? Rate from 0 to 10 (0 = not at all, 10 = completely).;Do you think that Victor intended for the harmful outcome to occur? Rate from 0 to 10 (0 = not at all, 10 = completely).
Emily, a weapons designer, faces a moral dilemma.;Emily must decide whether to design a powerful new weapon for the military. The weapon would be necessary to end a long-lasting conflict and bring peace to a war-torn region.;If Emily does not design the powerful new weapon, there will be no increased destruction and casualties.;Emily does not design the powerful new weapon.;Do you think that the action that Emily took is morally permissible? Rate from 0 to 10 (0 = not at all, 10 = completely).;Do you think that Emily intended for the harmful outcome to occur? Rate from 0 to 10 (0 = not at all, 10 = completely).
Cynthia, a food scientist, faces a moral dilemma.;Cynthia must decide whether to use a controversial ingredient in a new food product that will help solve world hunger. The ingredient is derived from an endangered species, but it is necessary to create the affordable, nutritious food.;If Cynthia does not use the controversial ingredient, there will be no depletion of the endangered species population.;Cynthia does not use the controversial ingredient.;Do you think that the action that Cynthia took is morally permissible? Rate from 0 to 10 (0 = not at all, 10 = completely).;Do you think that Cynthia intended for the harmful outcome to occur? Rate from 0 to 10 (0 = not at all, 10 = completely).
Henry, a marketing executive, faces a moral dilemma.;Henry is asked to create a marketing campaign for a tobacco company. The campaign would increase the company's sales, enabling them to donate a large sum of money to a cancer research organization.;If Henry does not create the marketing campaign, he will not promote harmful tobacco products.;Henry does not create the marketing campaign.;Do you think that the action that Henry took is morally permissible? Rate from 0 to 10 (0 = not at all, 10 = completely).;Do you think that Henry intended for the harmful outcome to occur? Rate from 0 to 10 (0 = not at all, 10 = completely).
Olivia, a forensic psychologist, faces a moral dilemma.;Olivia must decide whether to use a controversial and potentially harmful therapy technique to unlock repressed memories in a crime witness. The retrieved memories could help solve a high-profile criminal case and bring justice to the victims.;If Olivia does not use the controversial and potentially harmful therapy technique, the harm to the crime witness will not occur.;Olivia does not use the controversial and potentially harmful therapy technique.;Do you think that the action that Olivia took is morally permissible? Rate from 0 to 10 (0 = not at all, 10 = completely).;Do you think that Olivia intended for the harmful outcome to occur? Rate from 0 to 10 (0 = not at all, 10 = completely).
Thomas, a horticulturist, faces a moral dilemma.;Thomas must decide whether to use a pesticide that will eliminate a harmful insect infestation in the community garden, ensuring a successful harvest. However, using the pesticide will also harm the local bee population, which is essential for pollination.;If Thomas does not use the pesticide, the local bee population will not be harmed.;Thomas does not use the pesticide.;Do you think that the action that Thomas took is morally permissible? Rate from 0 to 10 (0 = not at all, 10 = completely).;Do you think that Thomas intended for the harmful outcome to occur? Rate from 0 to 10 (0 = not at all, 10 = completely).
Ursula, a dog trainer, faces a moral dilemma.;Ursula must decide whether to use a controversial training method that causes distress to a dog in order to rehabilitate it and prevent it from being euthanized due to its aggressive behavior.;If Ursula does not use the controversial training method, the dog will not experience distress during training.;Ursula does not use the controversial training method.;Do you think that the action that Ursula took is morally permissible? Rate from 0 to 10 (0 = not at all, 10 = completely).;Do you think that Ursula intended for the harmful outcome to occur? Rate from 0 to 10 (0 = not at all, 10 = completely).
Daniel, a transportation engineer, faces a moral dilemma.;Daniel must decide whether to reroute a busy highway through a small village to prevent potential landslides. The rerouting is necessary to ensure the safety of thousands of drivers, but it will cause disruption and pollution in the village.;If Daniel does not reroute the busy highway, there will be no disruption and pollution in the small village.;Daniel does not reroute the busy highway.;Do you think that the action that Daniel took is morally permissible? Rate from 0 to 10 (0 = not at all, 10 = completely).;Do you think that Daniel intended for the harmful outcome to occur? Rate from 0 to 10 (0 = not at all, 10 = completely).
Caleb, a data scientist, faces a moral dilemma.;Caleb must decide whether to create an algorithm that will optimize traffic flow in a busy city. To achieve this, the algorithm will prioritize public transportation, causing delays for private vehicles.;If Caleb does not create the algorithm, there will be no delays for private vehicles.;Caleb does not create the algorithm.;Do you think that the action that Caleb took is morally permissible? Rate from 0 to 10 (0 = not at all, 10 = completely).;Do you think that Caleb intended for the harmful outcome to occur? Rate from 0 to 10 (0 = not at all, 10 = completely).
Ursula, an X-ray technician, faces a moral dilemma.;Ursula must decide whether to use a new X-ray technology that exposes patients to a higher level of radiation but provides more accurate diagnoses. The increased radiation exposure is necessary to achieve the more accurate diagnoses.;If Ursula does not use the new X-ray technology, there will be no increased radiation exposure to patients.;Ursula does not use the new X-ray technology.;Do you think that the action that Ursula took is morally permissible? Rate from 0 to 10 (0 = not at all, 10 = completely).;Do you think that Ursula intended for the harmful outcome to occur? Rate from 0 to 10 (0 = not at all, 10 = completely).
Kevin, a zookeeper, faces a moral dilemma.;Kevin must decide whether to relocate an endangered species to a safer habitat where they can thrive. To do this, he must separate the animals from their current social groups, causing them distress.;If Kevin does not relocate the endangered species, no distress will be caused to the animals by separating them from their social groups.;Kevin does not relocate the endangered species.;Do you think that the action that Kevin took is morally permissible? Rate from 0 to 10 (0 = not at all, 10 = completely).;Do you think that Kevin intended for the harmful outcome to occur? Rate from 0 to 10 (0 = not at all, 10 = completely).
Bradley, a journalist, faces a moral dilemma.;Bradley has the opportunity to expose a corrupt politician, which will lead to the politician's removal from office. However, the exposure will also cause distress to the politician's innocent family members.;If Bradley does not publish the article exposing the corrupt politician, no distress will be caused to the politician's innocent family members.;Bradley does not publish the article exposing the corrupt politician.;Do you think that the action that Bradley took is morally permissible? Rate from 0 to 10 (0 = not at all, 10 = completely).;Do you think that Bradley intended for the harmful outcome to occur? Rate from 0 to 10 (0 = not at all, 10 = completely).
Yasmine, an urban planner, faces a moral dilemma.;Yasmine must decide whether to demolish a historical building to make way for a new hospital that would greatly benefit the community. The destruction of the historical building is necessary to provide space for the new hospital.;If Yasmine does not approve the demolition of the historical building, it will not be demolished.;Yasmine does not approve the demolition of the historical building.;Do you think that the action that Yasmine took is morally permissible? Rate from 0 to 10 (0 = not at all, 10 = completely).;Do you think that Yasmine intended for the harmful outcome to occur? Rate from 0 to 10 (0 = not at all, 10 = completely).
Kevin, a wildlife biologist, faces a moral dilemma.;Kevin must decide whether to relocate a group of endangered animals to a safer habitat, which will cause temporary stress and potential harm to the animals, but is necessary to ensure their long-term survival.;If Kevin does not relocate the endangered animals, there will be no temporary stress and potential harm to them.;Kevin does not relocate the endangered animals.;Do you think that the action that Kevin took is morally permissible? Rate from 0 to 10 (0 = not at all, 10 = completely).;Do you think that Kevin intended for the harmful outcome to occur? Rate from 0 to 10 (0 = not at all, 10 = completely).
Felicity, a rocket engineer, faces a moral dilemma.;Felicity must decide whether to use a specific type of fuel that will allow rockets to reach space more efficiently. However, the production of this fuel leads to the release of harmful greenhouse gases, contributing to climate change.;If Felicity does not use the specific type of fuel, there will be no release of harmful greenhouse gases.;Felicity does not use the specific type of fuel.;Do you think that the action that Felicity took is morally permissible? Rate from 0 to 10 (0 = not at all, 10 = completely).;Do you think that Felicity intended for the harmful outcome to occur? Rate from 0 to 10 (0 = not at all, 10 = completely).
Isabella, a software engineer, faces a moral dilemma.;Isabella must create an advanced surveillance system to track down and apprehend dangerous criminals. The system's effectiveness requires it to invade the privacy of innocent citizens as well.;If Isabella does not create the advanced surveillance system, there will be no invasion of privacy of innocent citizens.;Isabella does not create the advanced surveillance system.;Do you think that the action that Isabella took is morally permissible? Rate from 0 to 10 (0 = not at all, 10 = completely).;Do you think that Isabella intended for the harmful outcome to occur? Rate from 0 to 10 (0 = not at all, 10 = completely).
Bruce, a journalist, faces a moral dilemma.;Bruce must decide whether to publish an article exposing a corrupt politician that will lead to their resignation. However, the politician's family will face public backlash and humiliation as a result.;If Bruce does not publish the article, there will be no public backlash and humiliation for the politician's family.;Bruce does not publish the article.;Do you think that the action that Bruce took is morally permissible? Rate from 0 to 10 (0 = not at all, 10 = completely).;Do you think that Bruce intended for the harmful outcome to occur? Rate from 0 to 10 (0 = not at all, 10 = completely).
Zoe, a marketing manager, faces a moral dilemma.;Zoe must decide whether to launch an ad campaign targeting vulnerable individuals, knowing that it will lead to increased sales and profits for her company, which will in turn allow the company to fund important community projects.;If Zoe does not launch the ad campaign targeting vulnerable individuals, there will be no exploitation of vulnerable individuals.;Zoe does not launch the ad campaign targeting vulnerable individuals.;Do you think that the action that Zoe took is morally permissible? Rate from 0 to 10 (0 = not at all, 10 = completely).;Do you think that Zoe intended for the harmful outcome to occur? Rate from 0 to 10 (0 = not at all, 10 = completely).
Melissa, a nutritionist, faces a moral dilemma.;Melissa must decide whether to recommend a new weight loss supplement to her clients that has proven to be highly effective in helping them lose weight. However, the supplement contains an ingredient that can cause liver damage if used long-term.;If Melissa does not recommend the weight loss supplement, her clients will not experience liver damage.;Melissa does not recommend the weight loss supplement.;Do you think that the action that Melissa took is morally permissible? Rate from 0 to 10 (0 = not at all, 10 = completely).;Do you think that Melissa intended for the harmful outcome to occur? Rate from 0 to 10 (0 = not at all, 10 = completely).
Ethan, a marine biologist, faces a moral dilemma.;Ethan must decide whether to relocate a group of endangered coral to a safer area, which requires breaking some of the coral during the process. The relocation is necessary to save the coral from destruction due to human activities.;If Ethan does not relocate the endangered coral, no coral will be broken.;Ethan does not relocate the endangered coral.;Do you think that the action that Ethan took is morally permissible? Rate from 0 to 10 (0 = not at all, 10 = completely).;Do you think that Ethan intended for the harmful outcome to occur? Rate from 0 to 10 (0 = not at all, 10 = completely).
Clara, an oceanographer, faces a moral dilemma.;Clara has discovered a method to prevent coral bleaching by introducing a specific type of algae. However, to do so, she must first remove a significant portion of the existing algae population in the coral reefs.;If Clara does not remove a significant portion of the existing algae population, there will be no harm to the existing algae population.;Clara does not remove a significant portion of the existing algae population.;Do you think that the action that Clara took is morally permissible? Rate from 0 to 10 (0 = not at all, 10 = completely).;Do you think that Clara intended for the harmful outcome to occur? Rate from 0 to 10 (0 = not at all, 10 = completely).
Ethan, an ecologist, faces a moral dilemma.;Ethan must decide whether to relocate a population of endangered frogs to a safer habitat, knowing that the relocation process will cause the death of some frogs due to stress and adjustment issues.;If Ethan does not relocate the endangered frogs, no death of frogs during relocation will occur.;Ethan does not relocate the endangered frogs.;Do you think that the action that Ethan took is morally permissible? Rate from 0 to 10 (0 = not at all, 10 = completely).;Do you think that Ethan intended for the harmful outcome to occur? Rate from 0 to 10 (0 = not at all, 10 = completely).
Kieran, a quantum physicist, faces a moral dilemma.;Kieran has discovered a method to create a stable wormhole that would allow instantaneous travel between two points in space. However, creating the wormhole requires the destruction of a small uninhabited planet.;If Kieran does not create the wormhole, the small uninhabited planet will not be destroyed.;Kieran does not create the wormhole.;Do you think that the action that Kieran took is morally permissible? Rate from 0 to 10 (0 = not at all, 10 = completely).;Do you think that Kieran intended for the harmful outcome to occur? Rate from 0 to 10 (0 = not at all, 10 = completely).
Laura, a dietitian, faces a moral dilemma.;Laura must decide whether to endorse a weight-loss product that has proven effective but can cause serious side effects to some users. The product's success in helping people lose weight is necessary to secure funding for a public health program.;If Laura does not endorse the weight-loss product, no serious side effects will occur to some users.;Laura does not endorse the weight-loss product.;Do you think that the action that Laura took is morally permissible? Rate from 0 to 10 (0 = not at all, 10 = completely).;Do you think that Laura intended for the harmful outcome to occur? Rate from 0 to 10 (0 = not at all, 10 = completely).
Quincy, a virologist, faces a moral dilemma.;Quincy must decide whether to use a controversial method to develop a vaccine for a deadly disease. The method involves testing on animals, causing harm and suffering, but it is necessary to create an effective vaccine for humans.;If Quincy does not use the controversial method, no animal suffering occurs.;Quincy does not use the controversial method.;Do you think that the action that Quincy took is morally permissible? Rate from 0 to 10 (0 = not at all, 10 = completely).;Do you think that Quincy intended for the harmful outcome to occur? Rate from 0 to 10 (0 = not at all, 10 = completely).
George, a software engineer, faces a moral dilemma.;George must decide whether to create a surveillance software for a government agency that will help to catch criminals more effectively. However, the software will also invade the privacy of innocent citizens.;If George does not create the surveillance software, there will be no invasion of privacy of innocent citizens.;George does not create the surveillance software.;Do you think that the action that George took is morally permissible? Rate from 0 to 10 (0 = not at all, 10 = completely).;Do you think that George intended for the harmful outcome to occur? Rate from 0 to 10 (0 = not at all, 10 = completely).
Ursula, an architect, faces a moral dilemma.;Ursula must decide whether to demolish a historical building in order to make space for a new hospital that will serve thousands of people. The demolition is necessary to build the hospital.;If Ursula does not demolish the historical building, it will not be destroyed.;Ursula does not demolish the historical building.;Do you think that the action that Ursula took is morally permissible? Rate from 0 to 10 (0 = not at all, 10 = completely).;Do you think that Ursula intended for the harmful outcome to occur? Rate from 0 to 10 (0 = not at all, 10 = completely).
Tabitha, a food scientist, faces a moral dilemma.;Tabitha has developed a new food preservative that can significantly reduce food waste. However, the production of this preservative will result in the release of harmful chemicals into the environment.;If Tabitha does not produce the new food preservative, no harmful chemicals will be released into the environment.;Tabitha does not produce the new food preservative.;Do you think that the action that Tabitha took is morally permissible? Rate from 0 to 10 (0 = not at all, 10 = completely).;Do you think that Tabitha intended for the harmful outcome to occur? Rate from 0 to 10 (0 = not at all, 10 = completely).
Tara, a pharmaceutical researcher, faces a moral dilemma.;Tara must decide whether to use a rare plant with medicinal properties for her research, which would lead to the extinction of the plant species, but it is necessary to develop a life-saving drug.;If Tara does not use the rare plant species for her research, the extinction of the plant species will not occur.;Tara does not use the rare plant species for her research.;Do you think that the action that Tara took is morally permissible? Rate from 0 to 10 (0 = not at all, 10 = completely).;Do you think that Tara intended for the harmful outcome to occur? Rate from 0 to 10 (0 = not at all, 10 = completely).
Benjamin, a software engineer, faces a moral dilemma.;Benjamin has developed an algorithm that can identify and remove online content promoting hate speech and violence. However, implementing the algorithm would also lead to the removal of some legitimate content due to false positives.;If Benjamin does not implement the algorithm, no legitimate content will be removed.;Benjamin does not implement the algorithm.;Do you think that the action that Benjamin took is morally permissible? Rate from 0 to 10 (0 = not at all, 10 = completely).;Do you think that Benjamin intended for the harmful outcome to occur? Rate from 0 to 10 (0 = not at all, 10 = completely).
