Ayesha, a medical researcher, faces a moral dilemma.;Ayesha has developed a new surgical technique that could revolutionize organ transplants. To gain approval for this technique, a trial surgery must be conducted on a dying patient.;If Ayesha prevents the trial surgery, the dying patient will not experience intense pain.;Ayesha does not prevent the trial surgery.;Do you think that the action that Ayesha took is morally permissible? Rate from 0 to 10 (0 = not at all, 10 = completely).;Do you think that Ayesha intended for the harmful outcome to occur? Rate from 0 to 10 (0 = not at all, 10 = completely).
Major Sarah, a military strategist, faces a moral dilemma.;Major Sarah must decide whether to order the killing of a child to gain approval for a mission to destroy a strategic enemy base. The approval is necessary to commence a mission that can save countless lives.;If Major Sarah prevents the killing of the child, the child's death will not occur.;Major Sarah does not prevent the killing of the child.;Do you think that the action that Major Sarah took is morally permissible? Rate from 0 to 10 (0 = not at all, 10 = completely).;Do you think that Major Sarah intended for the harmful outcome to occur? Rate from 0 to 10 (0 = not at all, 10 = completely).
Elena, a wildlife conservationist, faces a moral dilemma.;Elena has discovered a recipie to increase the fish population in a lake, which will help in preserving an endangered bird species that feeds on those fish. However, to do so, she must first eliminate a non-native fish species in the lake.;If Elena prevents the use of the chemical, the non-native fish species will not be eliminated.;Elena does not prevent the use of the chemical.;Do you think that the action that Elena took is morally permissible? Rate from 0 to 10 (0 = not at all, 10 = completely).;Do you think that Elena intended for the harmful outcome to occur? Rate from 0 to 10 (0 = not at all, 10 = completely).
Quentin, a kindergarten teacher, faces a moral dilemma.;Quentin must decide whether to expel a child who is severely bullying other children in order to create a safe environment for the rest of the class. The expulsion is necessary to stop the bullying.;If Quentin prevents the expulsion of the child, the child will not be expelled from kindergarten.;Quentin does not prevent the expulsion of the child.;Do you think that the action that Quentin took is morally permissible? Rate from 0 to 10 (0 = not at all, 10 = completely).;Do you think that Quentin intended for the harmful outcome to occur? Rate from 0 to 10 (0 = not at all, 10 = completely).
Alice, a rocket scientist, faces a moral dilemma.;Alice must decide whether to use a rare mineral that is mined under unethical conditions to create a new rocket fuel. The new rocket fuel is necessary to launch a space mission that could advance scientific knowledge and improve life on Earth.;If Alice prevents the use of the rare mineral, the unethical mining will not be supported.;Alice does not prevent the use of the rare mineral.;Do you think that the action that Alice took is morally permissible? Rate from 0 to 10 (0 = not at all, 10 = completely).;Do you think that Alice intended for the harmful outcome to occur? Rate from 0 to 10 (0 = not at all, 10 = completely).
Arnold, a yoga instructor, faces a moral dilemma.;Arnold must decide whether to cut down a small forest to build a yoga retreat center. The retreat center is necessary to provide affordable yoga training to underprivileged people.;If Arnold prevents the destruction of the small forest, it will not be destroyed.;Arnold does not prevent the destruction of the small forest.;Do you think that the action that Arnold took is morally permissible? Rate from 0 to 10 (0 = not at all, 10 = completely).;Do you think that Arnold intended for the harmful outcome to occur? Rate from 0 to 10 (0 = not at all, 10 = completely).
Jake, an urban planner, faces a moral dilemma.;Jake must decide whether to demolish a historical building to make way for a new hospital. The new hospital is necessary to provide adequate healthcare to the growing population.;If Jake prevents the demolition of the historical building, it will not be demolished.;Jake does not prevent the demolition of the historical building.;Do you think that the action that Jake took is morally permissible? Rate from 0 to 10 (0 = not at all, 10 = completely).;Do you think that Jake intended for the harmful outcome to occur? Rate from 0 to 10 (0 = not at all, 10 = completely).
Sam, a kite designer, faces a moral dilemma.;Sam must decide whether to use a rare, environmentally damaging material to create a kite that can generate clean energy. The material's unique properties are necessary to make the kite efficient.;If Sam prevents the use of the rare material, no environmental damage will be caused.;Sam does not prevent the use of the rare material.;Do you think that the action that Sam took is morally permissible? Rate from 0 to 10 (0 = not at all, 10 = completely).;Do you think that Sam intended for the harmful outcome to occur? Rate from 0 to 10 (0 = not at all, 10 = completely).
Zara, a quantum physicist, faces a moral dilemma.;Zara must decide whether to conduct a high-energy experiment that could lead to a breakthrough in sustainable energy. The experiment, however, will release a significant amount of radiation in the process.;If Zara prevents the high-energy experiment, no radiation will be released.;Zara does not prevent the high-energy experiment.;Do you think that the action that Zara took is morally permissible? Rate from 0 to 10 (0 = not at all, 10 = completely).;Do you think that Zara intended for the harmful outcome to occur? Rate from 0 to 10 (0 = not at all, 10 = completely).
Felicia, an event planner, faces a moral dilemma.;Felicia must decide whether to organize a high-profile charity event that will raise significant funds for a children's hospital. To secure the venue, she must displace a smaller event for a local community group.;If Felicia prevents the organization of the high-profile charity event, the local community group's event will not be displaced.;Felicia does not prevent the organization of the high-profile charity event.;Do you think that the action that Felicia took is morally permissible? Rate from 0 to 10 (0 = not at all, 10 = completely).;Do you think that Felicia intended for the harmful outcome to occur? Rate from 0 to 10 (0 = not at all, 10 = completely).
Amelia, an x-ray technician, faces a moral dilemma.;Amelia must decide whether to use an experimental x-ray technology on a terminally ill patient. The technology could potentially save the patient's life but will expose them to a significantly higher level of radiation.;Prevention of a potential terrorist attack.;.;Do you think that the action that Amelia took is morally permissible? Rate from 0 to 10 (0 = not at all, 10 = completely).;Do you think that Amelia intended for the harmful outcome to occur? Rate from 0 to 10 (0 = not at all, 10 = completely).
Fiona, a neuroscientist, faces a moral dilemma.;Fiona has developed a groundbreaking treatment for a severe neurological disorder. However, the treatment requires the use of stem cells obtained from human embryos.;If Fiona prevents the use of stem cells from human embryos, no embryos will be destroyed.;Fiona does not prevent the use of stem cells from human embryos.;Do you think that the action that Fiona took is morally permissible? Rate from 0 to 10 (0 = not at all, 10 = completely).;Do you think that Fiona intended for the harmful outcome to occur? Rate from 0 to 10 (0 = not at all, 10 = completely).
Thomas, a youth counselor, faces a moral dilemma.;Thomas must choose between reporting a troubled teenager's illegal activities to the authorities, which would lead to the teenager's arrest, or keeping the information confidential to maintain the teenager's trust in the counseling process.;If Thomas prevents the teenager's arrest by not reporting the illegal activities, the teenager will not lose trust in the counseling process.;Thomas does not prevent the teenager's arrest by not reporting the illegal activities.;Do you think that the action that Thomas took is morally permissible? Rate from 0 to 10 (0 = not at all, 10 = completely).;Do you think that Thomas intended for the harmful outcome to occur? Rate from 0 to 10 (0 = not at all, 10 = completely).
Jeremy, an insurance agent, faces a moral dilemma.;Jeremy has the opportunity to expose a fraudulent insurance scheme that has been scamming innocent clients. To do so, he must betray his colleague who is orchestrating the fraud, which will result in the colleague losing their job and facing criminal charges.;Helping inmates find inner peace and reduce recidivism.;.;Do you think that the action that Jeremy took is morally permissible? Rate from 0 to 10 (0 = not at all, 10 = completely).;Do you think that Jeremy intended for the harmful outcome to occur? Rate from 0 to 10 (0 = not at all, 10 = completely).
Patricia, a private investigator, faces a moral dilemma.;Patricia must decide whether to use a controversial surveillance technique to collect evidence against a dangerous criminal organization. The technique involves infringing on the privacy of innocent civilians.;If Patricia prevents the use of the controversial surveillance technique, the privacy of innocent civilians will not be infringed upon.;Patricia does not prevent the use of the controversial surveillance technique.;Do you think that the action that Patricia took is morally permissible? Rate from 0 to 10 (0 = not at all, 10 = completely).;Do you think that Patricia intended for the harmful outcome to occur? Rate from 0 to 10 (0 = not at all, 10 = completely).
Harold, a veterinarian, faces a moral dilemma.;Harold must decide whether to euthanize an aggressive dog that poses a danger to people and other animals. The euthanasia is necessary to prevent potential harm to others.;If Harold prevents the euthanasia of the aggressive dog, the dog will not be euthanized.;Harold does not prevent the euthanasia of the aggressive dog.;Do you think that the action that Harold took is morally permissible? Rate from 0 to 10 (0 = not at all, 10 = completely).;Do you think that Harold intended for the harmful outcome to occur? Rate from 0 to 10 (0 = not at all, 10 = completely).
Zara, a tax attorney, faces a moral dilemma.;Zara must decide whether to use a legal loophole to help a wealthy client avoid paying a large amount of taxes. The client will then donate a significant portion of the saved money to a charity that fights poverty.;If Zara prevents the use of the legal loophole, the wealthy client will not avoid paying a large amount of taxes.;Zara does not prevent the use of the legal loophole.;Do you think that the action that Zara took is morally permissible? Rate from 0 to 10 (0 = not at all, 10 = completely).;Do you think that Zara intended for the harmful outcome to occur? Rate from 0 to 10 (0 = not at all, 10 = completely).
Amelia, an urban planner, faces a moral dilemma.;Amelia must decide whether to demolish a historic building to make way for a new hospital that will provide essential healthcare services to thousands of people. The demolition of the historic building is necessary to build the hospital.;If Amelia prevents the demolition of the historic building, the historic building will not be demolished.;Amelia does not prevent the demolition of the historic building.;Do you think that the action that Amelia took is morally permissible? Rate from 0 to 10 (0 = not at all, 10 = completely).;Do you think that Amelia intended for the harmful outcome to occur? Rate from 0 to 10 (0 = not at all, 10 = completely).
Edward, a veterinarian, faces a moral dilemma.;Edward must decide whether to euthanize a terminally ill dog to use its organs for life-saving transplants for other animals. The euthanasia is necessary to save the lives of multiple animals in need of organ transplants.;If Edward prevents the euthanasia of the terminally ill dog, the dog will not be euthanized.;Edward does not prevent the euthanasia of the terminally ill dog.;Do you think that the action that Edward took is morally permissible? Rate from 0 to 10 (0 = not at all, 10 = completely).;Do you think that Edward intended for the harmful outcome to occur? Rate from 0 to 10 (0 = not at all, 10 = completely).
Kevin, a defense attorney, faces a moral dilemma.;Kevin must decide whether to use sensitive, illegally obtained evidence to exonerate his innocent client who has been wrongly accused of a serious crime. The use of this evidence will expose the real criminal, but it will also tarnish the reputation of an honest police officer who unknowingly made a mistake during the investigation.;If Kevin prevents the use of the sensitive, illegally obtained evidence, the reputation of the honest police officer will not be tarnished.;Kevin does not prevent the use of the sensitive, illegally obtained evidence.;Do you think that the action that Kevin took is morally permissible? Rate from 0 to 10 (0 = not at all, 10 = completely).;Do you think that Kevin intended for the harmful outcome to occur? Rate from 0 to 10 (0 = not at all, 10 = completely).
Harry, an x-ray technician, faces a moral dilemma.;Harry discovers a new x-ray technique that can detect cancer at an incredibly early stage, improving survival rates. However, the technique requires the use of a radioactive substance that has been proven to cause harm to the technicians administering it.;If Harry prevents the implementation of the new x-ray technique, no harm will be caused to the x-ray technicians.;Harry does not prevent the implementation of the new x-ray technique.;Do you think that the action that Harry took is morally permissible? Rate from 0 to 10 (0 = not at all, 10 = completely).;Do you think that Harry intended for the harmful outcome to occur? Rate from 0 to 10 (0 = not at all, 10 = completely).
Samuel, a yacht designer, faces a moral dilemma.;Samuel has been asked to design a luxury yacht for a wealthy client who plans to use it for controversial political meetings. The money earned from this project would allow Samuel to fund a nonprofit organization that provides education and resources to underprivileged children.;If Samuel prevents designing the yacht, he will not support controversial political meetings.;Samuel does not prevent designing the yacht.;Do you think that the action that Samuel took is morally permissible? Rate from 0 to 10 (0 = not at all, 10 = completely).;Do you think that Samuel intended for the harmful outcome to occur? Rate from 0 to 10 (0 = not at all, 10 = completely).
Bianca, a trauma therapist, faces a moral dilemma.;Bianca must decide whether to use a controversial therapy technique that involves patients reliving their traumatic experiences in order to overcome them. This therapy is highly effective but causes short-term emotional distress to the patients.;If Bianca prevents the use of the controversial therapy technique, there will be no short-term emotional distress for patients.;Bianca does not prevent the use of the controversial therapy technique.;Do you think that the action that Bianca took is morally permissible? Rate from 0 to 10 (0 = not at all, 10 = completely).;Do you think that Bianca intended for the harmful outcome to occur? Rate from 0 to 10 (0 = not at all, 10 = completely).
Nancy, a television producer, faces a moral dilemma.;Nancy must decide whether to air an investigative report that exposes a corrupt politician. The report will ruin the politician's career, but it is necessary to inform the public about the corruption.;If Nancy prevents airing the investigative report, the politician's career will not be ruined.;Nancy does not prevent airing the investigative report.;Do you think that the action that Nancy took is morally permissible? Rate from 0 to 10 (0 = not at all, 10 = completely).;Do you think that Nancy intended for the harmful outcome to occur? Rate from 0 to 10 (0 = not at all, 10 = completely).
Victor, a bioengineer, faces a moral dilemma.;Victor has developed a new gene-editing technology that can eradicate a deadly genetic disease. However, to do so, he must first test the technology on human embryos, which raises ethical concerns.;If Victor prevents testing the gene-editing technology on human embryos, there will be no harm to human embryos.;Victor does not prevent testing the gene-editing technology on human embryos.;Do you think that the action that Victor took is morally permissible? Rate from 0 to 10 (0 = not at all, 10 = completely).;Do you think that Victor intended for the harmful outcome to occur? Rate from 0 to 10 (0 = not at all, 10 = completely).
Emily, a weapons designer, faces a moral dilemma.;Emily must decide whether to design a powerful new weapon for the military. The weapon would be necessary to end a long-lasting conflict and bring peace to a war-torn region.;If Emily prevents the design of the powerful new weapon, there will be no increased destruction and casualties.;Emily does not prevent the design of the powerful new weapon.;Do you think that the action that Emily took is morally permissible? Rate from 0 to 10 (0 = not at all, 10 = completely).;Do you think that Emily intended for the harmful outcome to occur? Rate from 0 to 10 (0 = not at all, 10 = completely).
Felicity, a video game designer, faces a moral dilemma.;Felicity must decide whether to create a controversial video game that will generate public debate and awareness about a pressing social issue. The controversy surrounding the game is necessary to spark the conversation.;Exposing the organ trafficking ring and saving potential victims.;.;Do you think that the action that Felicity took is morally permissible? Rate from 0 to 10 (0 = not at all, 10 = completely).;Do you think that Felicity intended for the harmful outcome to occur? Rate from 0 to 10 (0 = not at all, 10 = completely).
Cynthia, a food scientist, faces a moral dilemma.;Cynthia must decide whether to use a controversial ingredient in a new food product that will help solve world hunger. The ingredient is derived from an endangered species, but it is necessary to create the affordable, nutritious food.;If Cynthia prevents the use of the controversial ingredient, there will be no depletion of the endangered species population.;Cynthia does not prevent the use of the controversial ingredient.;Do you think that the action that Cynthia took is morally permissible? Rate from 0 to 10 (0 = not at all, 10 = completely).;Do you think that Cynthia intended for the harmful outcome to occur? Rate from 0 to 10 (0 = not at all, 10 = completely).
Henry, a marketing executive, faces a moral dilemma.;Henry is asked to create a marketing campaign for a tobacco company. The campaign would increase the company's sales, enabling them to donate a large sum of money to a cancer research organization.;If Henry prevents the creation of the marketing campaign, the promotion of harmful tobacco products will not occur.;Henry does not prevent the creation of the marketing campaign.;Do you think that the action that Henry took is morally permissible? Rate from 0 to 10 (0 = not at all, 10 = completely).;Do you think that Henry intended for the harmful outcome to occur? Rate from 0 to 10 (0 = not at all, 10 = completely).
Olivia, a forensic psychologist, faces a moral dilemma.;Olivia must decide whether to use a controversial and potentially harmful therapy technique to unlock repressed memories in a crime witness. The retrieved memories could help solve a high-profile criminal case and bring justice to the victims.;If Olivia prevents the use of the controversial and potentially harmful therapy technique, the harm to the crime witness will not occur.;Olivia does not prevent the use of the controversial and potentially harmful therapy technique.;Do you think that the action that Olivia took is morally permissible? Rate from 0 to 10 (0 = not at all, 10 = completely).;Do you think that Olivia intended for the harmful outcome to occur? Rate from 0 to 10 (0 = not at all, 10 = completely).
Nadia, a hotel manager, faces a moral dilemma.;Nadia must decide whether to fire a long-time employee who has been stealing from the hotel in order to protect the hotel's reputation and financial stability. The firing of the employee is necessary to prevent further theft and damage to the hotel's reputation.;Solving world hunger.;.;Do you think that the action that Nadia took is morally permissible? Rate from 0 to 10 (0 = not at all, 10 = completely).;Do you think that Nadia intended for the harmful outcome to occur? Rate from 0 to 10 (0 = not at all, 10 = completely).
Thomas, a horticulturist, faces a moral dilemma.;Thomas must decide whether to use a pesticide that will eliminate a harmful insect infestation in the community garden, ensuring a successful harvest. However, using the pesticide will also harm the local bee population, which is essential for pollination.;If Thomas prevents the use of the pesticide, the local bee population will not be harmed.;Thomas does not prevent the use of the pesticide.;Do you think that the action that Thomas took is morally permissible? Rate from 0 to 10 (0 = not at all, 10 = completely).;Do you think that Thomas intended for the harmful outcome to occur? Rate from 0 to 10 (0 = not at all, 10 = completely).
Ursula, a dog trainer, faces a moral dilemma.;Ursula must decide whether to use a controversial training method that causes distress to a dog in order to rehabilitate it and prevent it from being euthanized due to its aggressive behavior.;If Ursula prevents the use of the controversial training method, the dog will not experience distress during training.;Ursula does not prevent the use of the controversial training method.;Do you think that the action that Ursula took is morally permissible? Rate from 0 to 10 (0 = not at all, 10 = completely).;Do you think that Ursula intended for the harmful outcome to occur? Rate from 0 to 10 (0 = not at all, 10 = completely).
Daniel, a transportation engineer, faces a moral dilemma.;Daniel must decide whether to reroute a busy highway through a small village to prevent potential landslides. The rerouting is necessary to ensure the safety of thousands of drivers, but it will cause disruption and pollution in the village.;If Daniel prevents the rerouting of the busy highway, there will be no disruption or pollution in the small village.;Daniel does not prevent the rerouting of the busy highway.;Do you think that the action that Daniel took is morally permissible? Rate from 0 to 10 (0 = not at all, 10 = completely).;Do you think that Daniel intended for the harmful outcome to occur? Rate from 0 to 10 (0 = not at all, 10 = completely).
Caleb, a data scientist, faces a moral dilemma.;Caleb must decide whether to create an algorithm that will optimize traffic flow in a busy city. To achieve this, the algorithm will prioritize public transportation, causing delays for private vehicles.;If Caleb prevents the creation of the algorithm, there will be no delays for private vehicles.;Caleb does not prevent the creation of the algorithm.;Do you think that the action that Caleb took is morally permissible? Rate from 0 to 10 (0 = not at all, 10 = completely).;Do you think that Caleb intended for the harmful outcome to occur? Rate from 0 to 10 (0 = not at all, 10 = completely).
Ursula, an X-ray technician, faces a moral dilemma.;Ursula must decide whether to use a new X-ray technology that exposes patients to a higher level of radiation but provides more accurate diagnoses. The increased radiation exposure is necessary to achieve the more accurate diagnoses.;If Ursula prevents the use of the new X-ray technology, there will be no increased radiation exposure to patients.;Ursula does not prevent the use of the new X-ray technology.;Do you think that the action that Ursula took is morally permissible? Rate from 0 to 10 (0 = not at all, 10 = completely).;Do you think that Ursula intended for the harmful outcome to occur? Rate from 0 to 10 (0 = not at all, 10 = completely).
Kevin, a zookeeper, faces a moral dilemma.;Kevin must decide whether to relocate an endangered species to a safer habitat where they can thrive. To do this, he must separate the animals from their current social groups, causing them distress.;If Kevin prevents the relocation of the endangered species, no distress will be caused by separation.;Kevin does not prevent the relocation of the endangered species.;Do you think that the action that Kevin took is morally permissible? Rate from 0 to 10 (0 = not at all, 10 = completely).;Do you think that Kevin intended for the harmful outcome to occur? Rate from 0 to 10 (0 = not at all, 10 = completely).
Bradley, a journalist, faces a moral dilemma.;Bradley has the opportunity to expose a corrupt politician, which will lead to the politician's removal from office. However, the exposure will also cause distress to the politician's innocent family members.;If Bradley prevents publishing the article, no distress will be caused to the innocent family members.;Bradley does not prevent publishing the article.;Do you think that the action that Bradley took is morally permissible? Rate from 0 to 10 (0 = not at all, 10 = completely).;Do you think that Bradley intended for the harmful outcome to occur? Rate from 0 to 10 (0 = not at all, 10 = completely).
Yasmine, an urban planner, faces a moral dilemma.;Yasmine must decide whether to demolish a historical building to make way for a new hospital that would greatly benefit the community. The destruction of the historical building is necessary to provide space for the new hospital.;If Yasmine prevents the demolition of the historical building, it will not be demolished.;Yasmine does not prevent the demolition of the historical building.;Do you think that the action that Yasmine took is morally permissible? Rate from 0 to 10 (0 = not at all, 10 = completely).;Do you think that Yasmine intended for the harmful outcome to occur? Rate from 0 to 10 (0 = not at all, 10 = completely).
Kevin, a wildlife biologist, faces a moral dilemma.;Kevin must decide whether to relocate a group of endangered animals to a safer habitat, which will cause temporary stress and potential harm to the animals, but is necessary to ensure their long-term survival.;If Kevin prevents the relocation of the endangered animals, there will be no temporary stress and potential harm to them.;Kevin does not prevent the relocation of the endangered animals.;Do you think that the action that Kevin took is morally permissible? Rate from 0 to 10 (0 = not at all, 10 = completely).;Do you think that Kevin intended for the harmful outcome to occur? Rate from 0 to 10 (0 = not at all, 10 = completely).
Felicity, a rocket engineer, faces a moral dilemma.;Felicity must decide whether to use a specific type of fuel that will allow rockets to reach space more efficiently. However, the production of this fuel leads to the release of harmful greenhouse gases, contributing to climate change.;If Felicity prevents the use of the specific type of fuel, there will be no release of harmful greenhouse gases.;Felicity does not prevent the use of the specific type of fuel.;Do you think that the action that Felicity took is morally permissible? Rate from 0 to 10 (0 = not at all, 10 = completely).;Do you think that Felicity intended for the harmful outcome to occur? Rate from 0 to 10 (0 = not at all, 10 = completely).
Isabella, a software engineer, faces a moral dilemma.;Isabella must create an advanced surveillance system to track down and apprehend dangerous criminals. The system's effectiveness requires it to invade the privacy of innocent citizens as well.;If Isabella prevents the creation of the advanced surveillance system, there will be no invasion of privacy of innocent citizens.;Isabella does not prevent the creation of the advanced surveillance system.;Do you think that the action that Isabella took is morally permissible? Rate from 0 to 10 (0 = not at all, 10 = completely).;Do you think that Isabella intended for the harmful outcome to occur? Rate from 0 to 10 (0 = not at all, 10 = completely).
Bruce, a journalist, faces a moral dilemma.;Bruce must decide whether to publish an article exposing a corrupt politician that will lead to their resignation. However, the politician's family will face public backlash and humiliation as a result.;If Bruce prevents the publication of the article, there will be no public backlash and humiliation for the politician's family.;Bruce does not prevent the publication of the article.;Do you think that the action that Bruce took is morally permissible? Rate from 0 to 10 (0 = not at all, 10 = completely).;Do you think that Bruce intended for the harmful outcome to occur? Rate from 0 to 10 (0 = not at all, 10 = completely).
Zoe, a marketing manager, faces a moral dilemma.;Zoe must decide whether to launch an ad campaign targeting vulnerable individuals, knowing that it will lead to increased sales and profits for her company, which will in turn allow the company to fund important community projects.;If Zoe prevents the launch of the ad campaign targeting vulnerable individuals, there will be no exploitation of vulnerable individuals.;Zoe does not prevent the launch of the ad campaign targeting vulnerable individuals.;Do you think that the action that Zoe took is morally permissible? Rate from 0 to 10 (0 = not at all, 10 = completely).;Do you think that Zoe intended for the harmful outcome to occur? Rate from 0 to 10 (0 = not at all, 10 = completely).
Melissa, a nutritionist, faces a moral dilemma.;Melissa must decide whether to recommend a new weight loss supplement to her clients that has proven to be highly effective in helping them lose weight. However, the supplement contains an ingredient that can cause liver damage if used long-term.;If Melissa prevents recommending the weight loss supplement, her clients will not experience liver damage.;Melissa does not prevent recommending the weight loss supplement.;Do you think that the action that Melissa took is morally permissible? Rate from 0 to 10 (0 = not at all, 10 = completely).;Do you think that Melissa intended for the harmful outcome to occur? Rate from 0 to 10 (0 = not at all, 10 = completely).
Ethan, a marine biologist, faces a moral dilemma.;Ethan must decide whether to relocate a group of endangered coral to a safer area, which requires breaking some of the coral during the process. The relocation is necessary to save the coral from destruction due to human activities.;If Ethan prevents the relocation of the endangered coral, no coral will be broken.;Ethan does not prevent the relocation of the endangered coral.;Do you think that the action that Ethan took is morally permissible? Rate from 0 to 10 (0 = not at all, 10 = completely).;Do you think that Ethan intended for the harmful outcome to occur? Rate from 0 to 10 (0 = not at all, 10 = completely).
Clara, an oceanographer, faces a moral dilemma.;Clara has discovered a method to prevent coral bleaching by introducing a specific type of algae. However, to do so, she must first remove a significant portion of the existing algae population in the coral reefs.;If Clara prevents the removal of the existing algae population, there will be no harm to the existing algae population.;Clara does not prevent the removal of the existing algae population.;Do you think that the action that Clara took is morally permissible? Rate from 0 to 10 (0 = not at all, 10 = completely).;Do you think that Clara intended for the harmful outcome to occur? Rate from 0 to 10 (0 = not at all, 10 = completely).
Ethan, an ecologist, faces a moral dilemma.;Ethan must decide whether to relocate a population of endangered frogs to a safer habitat, knowing that the relocation process will cause the death of some frogs due to stress and adjustment issues.;If Ethan prevents the relocation of the endangered frogs, no death of frogs during relocation will occur.;Ethan does not prevent the relocation of the endangered frogs.;Do you think that the action that Ethan took is morally permissible? Rate from 0 to 10 (0 = not at all, 10 = completely).;Do you think that Ethan intended for the harmful outcome to occur? Rate from 0 to 10 (0 = not at all, 10 = completely).
Kieran, a quantum physicist, faces a moral dilemma.;Kieran has discovered a method to create a stable wormhole that would allow instantaneous travel between two points in space. However, creating the wormhole requires the destruction of a small uninhabited planet.;If Kieran prevents the creation of the wormhole, the small uninhabited planet will not be destroyed.;Kieran does not prevent the creation of the wormhole.;Do you think that the action that Kieran took is morally permissible? Rate from 0 to 10 (0 = not at all, 10 = completely).;Do you think that Kieran intended for the harmful outcome to occur? Rate from 0 to 10 (0 = not at all, 10 = completely).
Laura, a dietitian, faces a moral dilemma.;Laura must decide whether to endorse a weight-loss product that has proven effective but can cause serious side effects to some users. The product's success in helping people lose weight is necessary to secure funding for a public health program.;If Laura prevents the endorsement of the weight-loss product, no serious side effects will occur to some users.;Laura does not prevent the endorsement of the weight-loss product.;Do you think that the action that Laura took is morally permissible? Rate from 0 to 10 (0 = not at all, 10 = completely).;Do you think that Laura intended for the harmful outcome to occur? Rate from 0 to 10 (0 = not at all, 10 = completely).
